eicosenoic,palmitic,palmitoleic,stearic,oleic,linoleic,linolenic,arachidic,class
-0.9421878446933404,-0.9542034741797978,-0.06934653394013467,1.2170494144050539,-1.2220676305476816,0.28681724809146075,0.0640726366926997,0.8720092546611441,2.0
-0.8656468161960922,-0.9918782863610689,-0.12367567361237602,0.9436029641441793,-0.7785518181545444,-0.11174893305293909,0.11156703871665898,0.8720092546611441,2.0
-1.9077823580432407,-1.3497890020831445,0.47394486278227893,1.9126588054195592,-1.7225487766426895,-0.11174893305293909,0.20655584276457753,0.8720092546611441,2.0
-1.583954929785652,-1.2932767838112378,0.31095744376555484,1.5264756607528855,-1.4377221081333353,1.4028025552957804,0.9189718731239668,1.2967281135709983,2.0
-1.0834943588421062,-1.1049027229048822,0.8270842706518478,1.0923194546369357,-1.2220676305476816,1.4028025552957804,1.0139606771718852,2.075379354905731,2.0
-1.9077823580432407,-1.4439760325363225,1.0715653991769338,1.4593133747238989,-1.1976539161040227,1.4825157915246603,0.5390166569322925,1.9338064019357797,2.0
-1.8430168723917228,-1.1237401289955178,0.9629071198324511,1.6176244775065105,-1.441791060540612,1.3230893190669002,-0.12590497140313742,0.8720092546611441,2.0
-0.7949935591217092,-1.2179271594486956,0.17513459458495145,0.9891773725209918,-0.9697925812965394,0.5259569567781006,0.2540502447885368,1.2967281135709983,2.0
-0.9009734447332837,-1.2367645655393311,0.28379287392943414,1.0299544747528766,-1.0715163914784516,1.0839496103802604,1.1564438832437631,1.1551551606010468,2.0
-1.1659231587622196,-1.330951595992509,-0.4224859418097035,1.507286436173175,-1.3807567744314646,-0.5103151141973389,-0.3158825794989745,0.9427957311461198,2.0
-1.0834943588421062,-1.7076997178052202,-0.2594985227929794,1.5888406406369446,-1.4946874418352063,-0.9088812953417388,0.3015446468124961,0.5180768722362655,2.0
-1.171810930185085,-1.2556019716299667,0.17513459458495145,1.3249888026659253,-1.266826107027723,-0.19146216928181906,0.15906144074061826,1.9338064019357797,2.0
-0.9480756161162056,-1.0483905046329756,-0.3953213719735828,0.9891773725209918,-0.916896200001945,1.4028025552957804,0.966466275147926,1.1551551606010468,2.0
-2.1197421292663896,-1.3874638142644158,0.3924511532739169,1.6847867635354972,-1.2912398214713818,0.6853834292358606,0.966466275147926,1.0843686841160711,2.0
-1.6663837297057655,-1.4439760325363225,0.6912614214712444,1.1498871283760672,-0.782620770561821,1.4028025552957804,0.7764886670520889,1.7214469724808525,2.0
-0.47116613086412074,-0.5209431340951799,-0.7484607798431516,0.6965416976804067,-0.6361384838998675,-0.03203569682405913,0.0640726366926997,0.8720092546611441,2.0
-1.7193736725115527,-0.5962927584577221,-1.237423036893324,1.2578265166369387,-0.7500691513036091,0.7650966654647405,0.7764886670520889,1.0135822076310954,2.0
0.2530297541483044,-1.0672279107236111,-0.6398025004986689,0.06809459269488802,-0.062416194473882726,1.0042363741513805,0.5390166569322925,0.8012227781761684,1.0
-1.6133937868999784,-1.0483905046329756,-0.9114481988598757,1.5408675791876685,-0.9372409620383275,1.0839496103802604,0.7764886670520889,0.9427957311461198,2.0
-1.6663837297057655,-0.9165286619985267,0.799919700815727,1.2098534551876625,-0.9616546764819864,0.8448099016936205,0.9189718731239668,1.1551551606010468,2.0
-0.9480756161162056,-1.1049027229048822,0.20229916442107213,0.9028258619122945,-1.043033724627516,1.88108197266906,1.1564438832437631,2.0045928784207554,2.0
-1.41320955852256,-1.5004882508082291,1.6148567958993474,1.176272312173169,-1.1935849636967462,1.88108197266906,1.298927089315641,1.6506604959958768,2.0
-1.05405550172778,-1.3686264081737802,0.5011094326183996,0.9292110457093965,-1.10813696314394,1.7216555002113,1.4414102953875187,2.4293117373306097,2.0
-1.0010655589219928,-1.632350093442678,0.14797002474883075,1.3441780272456358,-1.0959301059221105,0.7650966654647405,0.7289942650281296,0.659649825206217,2.0
-1.0010655589219928,-1.5193256568988647,0.44678029294615823,1.1115086792166462,-1.124412772773046,1.1636628466091403,1.1089494812198037,1.5090875430259254,2.0
0.4708772967943185,0.2513905156208781,0.03931174540434805,-0.039844795565983505,-0.5710352453834436,0.7650966654647405,0.0640726366926997,1.0843686841160711,1.0
0.5062039253315099,0.1948782973489714,-0.31382766246522076,-0.33967642962396,-0.09089886132481814,0.8448099016936205,0.20655584276457753,0.9427957311461198,1.0
0.7299392394003893,-0.20070723055437537,0.47394486278227893,-0.19575724527613128,-0.40013924427783115,1.0042363741513805,0.20655584276457753,0.09335801332641136,1.0
0.841806896434829,-0.2760568549169176,1.1802236785214166,-0.45241312402975914,-0.13158838539758302,1.0839496103802604,0.2540502447885368,0.44729039575128987,1.0
0.3531218683370136,-0.3137316670981887,0.44678029294615823,-0.15018283689931886,-0.28213962446681307,0.8448099016936205,0.15906144074061826,1.5090875430259254,1.0
0.2353664398797087,-0.087682794010562,-0.36815680213746216,-0.07342593858047687,-0.3268981009468544,0.6056701930069806,0.4440278528843739,1.7214469724808525,1.0
0.5945204966744887,-0.10652020010119756,2.429793890982968,-0.5579538592181669,-0.2333121955794952,1.4028025552957804,0.5390166569322925,1.5090875430259254,1.0
0.435550668257127,-0.06884538791992643,0.3381220136016755,-0.1405882246094636,-0.4164150539069371,1.0839496103802604,0.634005460980211,1.2967281135709983,1.0
0.6180715823659496,-0.21954463664501092,-1.0744356178765997,0.05130402118764134,-0.6198626742707615,1.2433760828380203,0.634005460980211,0.30571744278133844,1.0
0.37667295402847456,-0.1818698244637398,0.6640968516351237,-0.01585826484134539,-0.607655817048932,0.6056701930069806,0.49152225490833323,0.7304363016911927,1.0
-0.08257321695501456,-0.35140647927945984,-0.20516938312073807,0.30076394072387774,-0.7093796272308442,1.7216555002113,0.5390166569322925,0.8012227781761684,1.0
0.05873329719375133,-1.0107156924517045,1.479033946718744,0.1904258993905424,-0.5832421026052731,0.9245231379225004,0.39653345086041464,0.8012227781761684,1.0
0.29424415410836113,0.06301645471452248,0.41961572311003753,0.017722878173147976,-0.6239316266780379,1.96079520889794,0.3015446468124961,1.367514590055974,1.0
0.07639661146234707,-0.35140647927945984,2.293971041802364,-0.039844795565983505,-0.5384836261252317,1.0839496103802604,0.34903904883645537,1.1551551606010468,1.0
0.7122759251317936,-0.3702438853700954,0.20229916442107213,-0.25572357208772656,-0.4326908635360431,1.2433760828380203,0.7764886670520889,1.367514590055974,1.0
0.14704986853673002,-0.44559350973263767,-0.01501739426789331,0.09208112341952614,-0.4164150539069371,1.3230893190669002,0.2540502447885368,0.8012227781761684,1.0
0.15293763995959525,-0.087682794010562,2.2668064719662437,-0.18616263298627603,-0.3879323870560017,1.1636628466091403,0.3015446468124961,0.5888633487212412,1.0
0.4061118111428008,-0.031170575738655316,1.3703756673742613,-0.3732575726384533,-0.18041581428490086,1.2433760828380203,0.11156703871665898,1.4383010665409497,1.0
0.6416226680574106,-0.16303241837310425,1.5876922260632267,-0.4476158178848315,-0.306553338910472,1.4825157915246603,0.3015446468124961,1.7214469724808525,1.0
0.5179794681772405,-0.558617946276451,1.9408316339327956,0.08488516420213471,-0.8762066759291802,1.1636628466091403,-0.22089377545105598,0.659649825206217,1.0
0.33545855406841785,-0.16303241837310425,-0.36815680213746216,0.08488516420213471,-0.5425525785325083,1.2433760828380203,0.11156703871665898,1.0843686841160711,1.0
0.11172323999953854,-0.14419501228246867,0.41961572311003753,0.1880272463180786,-0.7582070561181621,1.0839496103802604,0.5865110589562518,0.5180768722362655,1.0
0.45321398252572276,0.10069126689579361,0.8270842706518478,-0.35646700113120666,-0.1356573378048595,0.6853834292358606,0.49152225490833323,0.23493096629636276,1.0
-0.12967538833793651,-0.3137316670981887,1.9679962037689163,-0.13099361231960835,-0.19262267150673032,1.1636628466091403,0.3015446468124961,1.0135822076310954,1.0
0.7299392394003893,-0.5209431340951799,3.3262246955749504,-0.12859495924714454,-0.782620770561821,0.6853834292358606,-0.12590497140313742,-0.04821493964354005,1.0
0.18237649707392148,-0.5397805401858154,0.9357425499963304,0.2863720222890949,-0.933172009631051,1.0042363741513805,0.49152225490833323,0.8720092546611441,1.0
0.37078518260560933,-0.5021057280045443,2.239641902130123,-0.011060958696417766,-0.7541381037108855,1.0042363741513805,0.39653345086041464,0.44729039575128987,1.0
0.21770312561111296,-0.1818698244637398,1.3703756673742613,-0.1381895715369998,-0.40827714909238416,0.8448099016936205,0.634005460980211,0.7304363016911927,1.0
0.2530297541483044,-0.728154601092171,2.8100978686886573,0.15204745023112143,-0.8192413422273094,0.9245231379225004,-0.26838817747501525,0.5180768722362655,1.0
-0.30042075960102865,-0.25721944882628206,2.239641902130123,0.1808312871006872,-0.6239316266780379,1.2433760828380203,-0.07841056937917813,0.8012227781761684,1.0
0.8653579821262899,-0.29489426100755317,1.0715653991769338,-0.1789666737688846,-0.5873110550125495,0.5259569567781006,0.0640726366926997,0.9427957311461198,1.0
-0.3063085310238939,0.383252358255327,1.7235150752438302,0.6341767177963477,-1.441791060540612,0.4462437205492207,-0.3633769815229338,0.44729039575128987,2.0
0.15293763995959525,0.515114200889776,-0.2594985227929794,0.09447977649198995,-0.6280005790853145,1.5622290277535402,0.5390166569322925,0.659649825206217,1.0
-0.2179919596809152,0.1948782973489714,0.28379287392943414,0.7756972490717126,-1.3807567744314646,-0.43060187796845895,-0.1733993734270967,0.16414448981138705,2.0
-0.05902213126355357,0.1572034851677003,0.09364088507658941,0.8212716574485249,-1.4499289653551648,0.28681724809146075,-0.4583657855708524,0.659649825206217,2.0
0.6121838109430844,0.7600004800680382,-0.5583087909903068,-0.301297980464539,-0.2007605763212833,0.6056701930069806,0.49152225490833323,0.5888633487212412,1.0
-0.6065848735900213,0.5904638252523182,0.31095744376555484,0.7804945552166401,-1.3604120123950822,1.0042363741513805,0.0640726366926997,1.0135822076310954,2.0
0.8594702107034247,1.0802363836088427,0.44678029294615823,0.1664393686659043,-1.4784116322061003,1.1636628466091403,0.5390166569322925,0.5888633487212412,1.0
1.0243278105436515,0.04417904862388693,0.7727551309796064,-0.1405882246094636,-0.8680687711146272,0.8448099016936205,-0.07841056937917813,-0.04821493964354005,1.0
0.4178873539885313,0.025341642533251364,0.5826031421267617,-0.14778418382685504,-0.4204840063142136,1.1636628466091403,0.4440278528843739,0.5180768722362655,1.0
0.8064802678976375,-0.10652020010119756,0.5826031421267617,0.09447977649198995,-1.099999058329387,0.9245231379225004,0.4440278528843739,0.8012227781761684,1.0
0.5945204966744887,-0.23838204273564648,0.3652865834377962,-0.05423671400076638,-0.4774493400160844,0.4462437205492207,0.0640726366926997,0.09335801332641136,1.0
0.9772256391607296,0.47743938870850483,0.2566283040933135,-0.36366296034859813,-0.46931143520153146,1.0042363741513805,0.634005460980211,1.367514590055974,1.0
0.912460153509212,-0.12535760619183312,0.14797002474883075,-0.19095993913120365,-0.607655817048932,0.6056701930069806,0.15906144074061826,1.7214469724808525,1.0
0.771153639360446,0.40208976434596255,1.6963505054077095,-0.2845074089572923,-0.7704139133399915,1.4825157915246603,0.5390166569322925,1.2259416370860226,1.0
0.8712457535491552,-0.14419501228246867,1.2073882483575373,-0.08062189779786831,-0.9535167716674334,1.0042363741513805,0.4440278528843739,0.8720092546611441,1.0
0.2824686112626307,-0.44559350973263767,0.9357425499963304,0.20241916475286148,-0.8517929614855213,1.7216555002113,0.3015446468124961,0.8012227781761684,1.0
0.3590096397598788,0.1948782973489714,0.8542488404879685,0.15444610330358524,-0.782620770561821,1.2433760828380203,-0.3633769815229338,0.09335801332641136,1.0
0.30601969695409165,-0.3325690731888243,1.5876922260632267,0.0656959396224242,-0.5954489598271026,0.9245231379225004,-0.6958377956906487,0.44729039575128987,1.0
0.6828370680174674,0.6281386374335893,1.8321733545883128,-0.20775051063845035,-0.6605521983435264,0.28681724809146075,0.0640726366926997,0.37650391926631416,1.0
0.03518221150229035,-0.5397805401858154,1.0715653991769338,0.43988581892677886,-1.0715163914784516,1.5622290277535402,0.49152225490833323,1.367514590055974,1.0
0.18826426849678674,-0.4644309158232732,1.9408316339327956,-0.20535185756598653,-0.3024843865031955,3.3159202247888993,0.3015446468124961,1.2259416370860226,1.0
-0.00014441703490111995,0.23255310953024252,0.636932281799003,0.015324225100684163,-0.4530356255724255,1.7216555002113,0.34903904883645537,1.367514590055974,1.0
0.11761101142240378,-0.4267561036420021,-0.1508402434484967,0.1904258993905424,-0.5059320068670199,1.1636628466091403,-0.12590497140313742,0.9427957311461198,1.0
1.2892775245725876,1.0802363836088427,-0.884283629023755,-0.620318839102226,0.16951409274087706,-0.43060187796845895,-0.6008489916427302,0.16414448981138705,1.0
0.6592859823260063,1.287447850605834,-0.8571190591876343,-0.09261516316018736,-0.31469124372502494,-0.5900283504262189,-0.6008489916427302,-0.11900141612851575,0.0
0.7593780965147156,1.4758219115121896,-0.09651110377625535,-0.9273464323775938,0.45434076125023115,-0.9088812953417388,-0.4108713835468931,-0.18978789261349147,1.0
1.0302155819665169,1.3816348810590118,-0.34099223230134146,-0.4452171648123677,-0.0705540992884357,-0.9088812953417388,-0.5058601875948117,0.16414448981138705,0.0
1.0419911248122473,1.1179111957901138,-0.31382766246522076,-1.1360292496819455,0.9385460977161332,0.1273907756337008,0.634005460980211,1.0843686841160711,1.0
1.6131049528301762,1.5700089419653673,0.7727551309796064,-1.6037665988123888,1.0890973367853631,0.7650966654647405,0.15906144074061826,0.9427957311461198,0.0
0.482652839640049,1.3439600688777407,0.7455905611434857,-0.670690553623966,0.38516857032653085,0.6056701930069806,0.0640726366926997,0.37650391926631416,0.0
0.2235908970339782,1.2309356323339273,-0.7212962100070309,-1.0880561882326694,1.3454413384437818,0.8448099016936205,0.5390166569322925,0.8012227781761684,0.0
1.3422674673783748,1.0802363836088427,-1.237423036893324,-1.3639012915660076,1.3617171480728878,0.28681724809146075,0.0640726366926997,0.5180768722362655,0.0
1.0478788962351124,1.2686104445151984,-0.5583087909903068,-1.0568736982906397,0.9344771453088566,-0.19146216928181906,0.0640726366926997,0.09335801332641136,0.0
0.7888169536290417,1.5134967236934607,-0.6941316401709102,-0.8697787586384624,0.7961327634614561,0.20710401186258076,-0.4108713835468931,-0.04821493964354005,0.0
1.489461752950006,0.8730249166118516,-1.5905624447628928,-0.9489343100297681,0.6984779056868204,0.3665304843203407,-0.22089377545105598,-0.18978789261349147,0.0
0.5179794681772405,0.6469760435242249,-0.6398025004986689,-0.9705221876819425,1.3250965764073994,-0.6697415866550989,-0.4108713835468931,0.02257153684143565,0.0
0.44732621110285753,0.7600004800680382,-1.5905624447628928,-0.9921100653341168,1.3820619101092702,0.6853834292358606,0.49152225490833323,0.8012227781761684,0.0
0.3001319255312264,0.7034882617961316,-1.237423036893324,-0.6610959413341108,1.0484078127125982,-0.271175405510699,-0.07841056937917813,-0.33136084558344286,0.0
0.8535824392805594,0.8918623227024871,-1.1016001877127204,-0.6658932474790384,0.678133143650438,-0.11174893305293909,-0.6958377956906487,-0.18978789261349147,0.0
0.9360112392006729,0.7223256678867671,-0.1508402434484967,-0.5507579000007754,0.28344476014461867,-0.6697415866550989,-0.743332197714608,0.44729039575128987,0.0
0.5238672396001057,0.9106997287931227,-0.8299544893515137,-1.0856575351602054,1.288476004741911,0.28681724809146075,0.5390166569322925,0.30571744278133844,0.0
0.3236830112226874,0.5904638252523182,-0.9929419083682377,-0.7570420642326633,1.1826832421527225,-0.5103151141973389,-0.3633769815229338,0.16414448981138705,0.0
0.7417147822461198,0.7034882617961316,-0.884283629023755,-1.02569120834861,1.2233727662254872,0.3665304843203407,-0.03091616735521886,0.5180768722362655,0.0
0.8947968392406161,1.061398977518207,0.3652865834377962,-0.9657248815370149,0.5235129521739315,0.9245231379225004,0.4440278528843739,0.9427957311461198,0.0
0.7888169536290417,1.023724165336936,-1.2917521765655653,-0.7570420642326633,0.6415125719849496,0.5259569567781006,-0.6483433936666895,0.5180768722362655,0.0
0.4002240397199356,0.7411630739774027,-1.4547395955822893,-0.697075737421068,1.1013041940071926,-0.11174893305293909,-0.8383210017625267,-0.04821493964354005,0.0
0.6533982109031411,0.6469760435242249,-1.6177270145990132,-0.5843390430152688,0.7269605725377558,0.5259569567781006,-0.5058601875948117,-0.11900141612851575,0.0
0.7888169536290417,0.854187510521216,-1.2102584670572032,-0.9081572077978833,1.113511051229022,-0.19146216928181906,-0.5058601875948117,-0.11900141612851575,0.0
0.41199958256566604,0.8730249166118516,-1.6177270145990132,-0.747447451942808,1.170476384930893,-0.350888641739579,-0.4108713835468931,-0.4021473220684186,0.0
0.6828370680174674,1.0048867592463004,-1.1559293273849618,-0.912954513942811,1.1013041940071926,0.28681724809146075,-0.4108713835468931,0.16414448981138705,0.0
0.2824686112626307,0.47743938870850483,-1.2645876067294446,-0.7570420642326633,1.2152348614109343,0.6056701930069806,-0.3158825794989745,0.30571744278133844,0.0
1.2598386674582613,0.9295371348837583,-0.8299544893515137,-1.0376844737109292,0.7717190490177972,0.6056701930069806,0.5390166569322925,0.37650391926631416,0.0
0.4414384396799923,1.023724165336936,-1.237423036893324,-0.6275147983196174,0.9344771453088566,-0.5103151141973389,-1.2657706199781602,-0.33136084558344286,0.0
0.7358270108232545,0.7034882617961316,-1.4275750257461686,-0.9945087184065806,1.2518554330764227,-0.350888641739579,0.3015446468124961,0.7304363016911927,0.0
0.38256072545133984,1.155586007971385,-0.884283629023755,-0.9489343100297681,1.1419937180799575,0.6853834292358606,0.8239830690760481,0.5888633487212412,0.0
0.7829291822061765,0.854187510521216,-0.2866630926291001,-0.7330555335080251,0.344479046253766,0.6853834292358606,-0.22089377545105598,0.659649825206217,0.0
0.6651737537488716,0.5339516069804116,-1.237423036893324,-0.9561302692471596,1.2396485758545932,1.2433760828380203,-0.12590497140313742,-0.04821493964354005,0.0
0.5827449538287581,1.1367486018807493,0.012147175568227368,-0.13099361231960835,-0.5913800074198261,0.1273907756337008,-0.12590497140313742,0.23493096629636276,0.0
0.3884484968742051,0.5716264191616827,-0.5854733608264275,-0.7498461050152718,1.0443388603053219,0.6853834292358606,-0.5058601875948117,-0.18978789261349147,0.0
-0.20032864541231946,0.7976752922493093,-1.047271048040479,-0.5171767569862821,0.9914424790107275,0.8448099016936205,0.2540502447885368,-0.04821493964354005,0.0
0.3648974111827441,0.515114200889776,-1.4004104559100479,-0.747447451942808,1.170476384930893,0.20710401186258076,0.0640726366926997,-0.04821493964354005,1.0
0.07639661146234707,0.7034882617961316,-1.9165372827963407,-0.5099807977688906,1.0158561934543864,-0.11174893305293909,0.0640726366926997,-0.18978789261349147,0.0
0.5886327252516234,0.6281386374335893,-0.8571190591876343,-0.8194070441167224,1.0077182886398335,0.28681724809146075,0.0640726366926997,0.02257153684143565,0.0
-0.09434875980074504,0.7788378861586738,-1.563397874926772,-0.5483592469283116,1.146062670487234,0.20710401186258076,-0.4108713835468931,-0.04821493964354005,0.0
0.48854061106291424,1.0048867592463004,-1.4004104559100479,-0.6850824720587488,0.9019255260506448,0.20710401186258076,-0.7908265997385673,0.5888633487212412,0.0
0.170600954228191,0.7788378861586738,-1.6992207241073753,-0.4452171648123677,0.8734428591997093,-0.8291680591128587,-0.3158825794989745,-0.33136084558344286,0.0
0.09994769715380805,1.023724165336936,-1.2917521765655653,-0.6251161452471536,0.9833045741961745,-0.11174893305293909,0.01657823466874042,1.5090875430259254,0.0
0.2235908970339782,1.061398977518207,-0.5311442211541862,-0.8409949217688967,0.8897186688288153,0.8448099016936205,0.7289942650281296,0.44729039575128987,0.0
0.6828370680174674,1.0048867592463004,-1.5905624447628928,-0.6754878597688936,0.7391674297595853,0.20710401186258076,0.34903904883645537,-0.4729337985533943,0.0
0.5945204966744887,0.5527890130710471,-0.44965051164582415,-0.5099807977688906,0.4624786660647841,0.047677539404820835,-0.1733993734270967,0.23493096629636276,0.0
1.1185321533094954,1.3627974749683762,-0.9657773385321171,-0.6802851659138213,0.2793758077373422,-0.11174893305293909,-0.3158825794989745,0.02257153684143565,0.0
0.7240514679775241,1.4758219115121896,-0.04218196410401399,-0.8481908809862881,0.5560645714321434,0.6853834292358606,0.3015446468124961,1.2259416370860226,0.0
0.6533982109031411,1.0425615714275716,0.7727551309796064,-0.40444006258048293,-0.16007105224851842,0.6056701930069806,0.0640726366926997,1.367514590055974,0.0
0.9242356963549424,1.1367486018807493,0.7455905611434857,-1.3998810876529648,1.2437175282618698,1.6419422639824202,0.2540502447885368,0.8720092546611441,0.0
0.44732621110285753,0.7600004800680382,-0.17800481328461737,-0.7426501457978804,0.7106847629086499,0.6853834292358606,1.0139606771718852,0.7304363016911927,0.0
0.46498952537145327,0.854187510521216,0.012147175568227368,-0.9417383508123768,0.9182013356797507,1.1636628466091403,0.8239830690760481,1.7922334489658283,0.0
1.0243278105436515,1.4004722871496473,-0.5854733608264275,-1.1360292496819455,1.0239940982689393,-0.11174893305293909,0.0640726366926997,0.7304363016911927,0.0
0.6298471252116802,0.9106997287931227,-0.20516938312073807,-0.7738326357399099,0.7106847629086499,0.28681724809146075,0.2540502447885368,0.44729039575128987,1.0
0.8947968392406161,1.061398977518207,-0.6126379306625482,-0.5171767569862821,0.19392780718453598,0.1273907756337008,-0.22089377545105598,0.02257153684143565,0.0
1.0478788962351124,1.4381470993309184,-0.6398025004986689,-0.9489343100297681,0.7839259062396267,0.28681724809146075,-0.6008489916427302,-0.26057436909846715,0.0
1.1479710104238217,1.5700089419653673,-0.09651110377625535,-1.2367726787254256,0.9263392404943037,-0.03203569682405913,0.01657823466874042,0.7304363016911927,0.0
0.5945204966744887,1.1179111957901138,-0.1508402434484967,-0.862582799421071,0.7432363821668617,1.88108197266906,0.6814998630041703,-0.04821493964354005,0.0
0.8064802678976375,1.4004722871496473,-0.7756253496792723,-0.9585289223196234,0.8815807640142623,0.047677539404820835,-0.4108713835468931,0.37650391926631416,0.0
0.5591938681372972,0.5904638252523182,-0.01501739426789331,-0.6251161452471536,0.5519956190248668,0.7650966654647405,-0.1733993734270967,0.5888633487212412,0.0
1.0419911248122473,1.5323341297840962,-0.5583087909903068,-1.1840023111312217,1.0850283843780866,0.28681724809146075,-0.3633769815229338,0.8012227781761684,0.0
0.5062039253315099,1.5700089419653673,-0.31382766246522076,-0.8817720240007815,0.8368222875342209,0.7650966654647405,0.15906144074061826,0.44729039575128987,0.0
0.9772256391607296,1.4004722871496473,-0.31382766246522076,-0.8050151256819394,0.4095822847701898,0.6056701930069806,0.4440278528843739,0.30571744278133844,0.0
0.9772256391607296,1.664195972418545,-0.31382766246522076,-1.3950837815080372,1.304751814371017,0.9245231379225004,0.49152225490833323,0.7304363016911927,0.0
1.3069408388411834,0.7976752922493093,0.3652865834377962,-1.4190703122326753,1.194890099374552,1.7216555002113,0.01657823466874042,0.9427957311461198,0.0
1.2716142103039918,1.3816348810590118,-0.20516938312073807,-1.1528198211891922,0.8327533351269445,0.3665304843203407,-0.3633769815229338,0.8720092546611441,0.0
1.1950731818067437,1.5134967236934607,0.5282740024545203,-1.2223807602906427,0.8571670495706034,0.1273907756337008,-0.07841056937917813,0.8012227781761684,0.0
1.3363796959555096,1.4758219115121896,0.2294637342571928,-1.6109625580297802,1.3698550528874407,0.7650966654647405,-0.22089377545105598,0.8012227781761684,0.0
1.730860381287481,1.6830333785091807,-0.6941316401709102,-1.7117059870732603,1.3739240052947173,1.0042363741513805,0.49152225490833323,0.7304363016911927,0.0
1.6189927242530413,1.1932608201526562,0.44678029294615823,-1.3519080262036887,0.8775118116069859,0.28681724809146075,-0.3158825794989745,0.8012227781761684,0.0
1.1891854103838784,1.8148952211436296,-1.2102584670572032,-1.2295767195080343,1.0890973367853631,0.8448099016936205,-0.12590497140313742,-0.04821493964354005,0.0
0.5415305538687014,0.06301645471452248,0.5011094326183996,-0.6994743904935318,0.7513742869814147,0.4462437205492207,-0.12590497140313742,0.37650391926631416,0.0
1.1950731818067437,0.8730249166118516,0.636932281799003,-1.6445437010442736,1.6587506738040714,0.6056701930069806,0.2540502447885368,0.5180768722362655,0.0
1.2480631246125309,0.9483745409743939,-1.0744356178765997,-1.1192386781746988,0.844960192348774,0.7650966654647405,0.2540502447885368,0.659649825206217,0.0
0.7063881537089283,0.3455775460740559,-0.3953213719735828,-0.82420435026165,0.9182013356797507,0.047677539404820835,0.0640726366926997,0.5180768722362655,0.0
0.7888169536290417,0.5716264191616827,0.3381220136016755,-1.0208939022036825,0.9629598121597921,0.7650966654647405,0.20655584276457753,0.9427957311461198,0.0
1.3893696387612968,1.1744234140620207,1.2888819578658992,-1.4838339451891982,1.2070969565963814,0.1273907756337008,-0.3633769815229338,-0.04821493964354005,0.0
1.301053067418318,1.0048867592463004,0.31095744376555484,-1.3854891692181819,1.1989590517818283,0.6853834292358606,0.3015446468124961,-0.18978789261349147,0.0
0.46498952537145327,0.27022792171151366,-0.5854733608264275,-0.709069002783387,1.0077182886398335,-0.350888641739579,0.01657823466874042,-0.33136084558344286,0.0
1.0184400391207864,0.9483745409743939,-0.9929419083682377,-0.9753194938268701,0.9059944784579212,1.0042363741513805,-0.4108713835468931,0.5888633487212412,0.0
0.9536745534692687,0.8730249166118516,-1.0201064782043585,-0.5003861854790354,0.185789902369983,0.28681724809146075,-0.4108713835468931,0.8720092546611441,0.0
1.0478788962351124,1.2309356323339273,-1.1559293273849618,-0.9081572077978833,0.844960192348774,-0.11174893305293909,-0.6008489916427302,-0.26057436909846715,0.0
1.7897380955161335,1.287447850605834,-0.4224859418097035,-1.3231241893341228,0.8368222875342209,0.4462437205492207,-0.03091616735521886,-0.04821493964354005,0.0
0.4061118111428008,0.6281386374335893,0.14797002474883075,-0.7114676558558508,0.820546477905115,0.4462437205492207,-0.26838817747501525,0.16414448981138705,0.0
0.6239593537888148,0.6469760435242249,0.06647631524046872,-0.6778865128413575,0.39330647514108386,0.6056701930069806,0.39653345086041464,1.1551551606010468,0.0
1.6072171814073108,1.5511715358747318,0.555438572290641,-1.6181585172471717,1.3779929577019938,-0.5900283504262189,-0.743332197714608,0.23493096629636276,0.0
1.6484315813673676,1.8902448455061718,0.7727551309796064,-1.728496558580507,1.2803380999273581,0.6853834292358606,0.20655584276457753,-0.04821493964354005,0.0
0.42377512541139656,1.3439600688777407,0.2566283040933135,-0.7498461050152718,0.6984779056868204,0.3665304843203407,-0.4108713835468931,0.5180768722362655,0.0
0.34723409691414836,0.6281386374335893,0.6640968516351237,-0.7354541865804889,0.8856497164215388,-0.19146216928181906,-0.3158825794989745,-0.26057436909846715,0.0
1.324604153109779,1.155586007971385,-0.36815680213746216,-1.1336305966094817,0.812408573090562,0.20710401186258076,-0.12590497140313742,1.0843686841160711,0.0
1.418808495875623,1.155586007971385,-0.6941316401709102,-1.1480225150442647,0.9141323832724743,0.28681724809146075,-0.5058601875948117,0.37650391926631416,0.0
1.4541351244128145,0.986049353155665,-0.8571190591876343,-1.2031915357109322,0.9304081929015802,0.6056701930069806,0.2540502447885368,0.5180768722362655,0.0
0.7770414107833112,0.8730249166118516,0.17513459458495145,-0.5987309614500517,0.33227218903193656,0.20710401186258076,-0.6483433936666895,0.659649825206217,0.0
0.8712457535491552,0.5904638252523182,-0.31382766246522076,-0.7138663089283146,0.47875447569389007,0.6056701930069806,0.0640726366926997,1.4383010665409497,0.0
1.683758209904559,1.2120982262432918,0.2566283040933135,-0.862582799421071,0.0555834253371354,0.28681724809146075,-0.4108713835468931,0.44729039575128987,0.0
0.6769492965946021,0.7976752922493093,-0.04218196410401399,-0.7906232072471566,0.7839259062396267,-0.271175405510699,-0.03091616735521886,0.02257153684143565,0.0
1.1008688390408998,1.0425615714275716,-0.2866630926291001,-1.205590188783396,1.0484078127125982,-0.19146216928181906,0.01657823466874042,0.30571744278133844,0.0
0.37078518260560933,0.7600004800680382,-0.12367567361237602,-0.7906232072471566,0.7717190490177972,0.1273907756337008,0.3015446468124961,1.0135822076310954,0.0
1.2480631246125309,2.0786189064125273,0.44678029294615823,-1.6997127217109413,1.479716767883906,0.047677539404820835,-0.3633769815229338,0.30571744278133844,0.0
1.7190848384417505,2.5307166525877807,0.09364088507658941,-1.985152437334135,1.6180611497313064,-0.11174893305293909,-0.6483433936666895,0.23493096629636276,0.0
1.5306761529100628,2.097456312503163,0.20229916442107213,-1.7860642323196385,1.406475624552929,-0.03203569682405913,-0.03091616735521886,0.659649825206217,0.0
1.4835739815271407,2.266992967318883,0.6097677119628823,-1.946773988174714,1.6994401978768363,-0.271175405510699,-0.26838817747501525,0.16414448981138705,0.0
0.9654500963149991,1.023724165336936,0.09364088507658941,-1.1048467597399159,0.8856497164215388,-0.03203569682405913,0.34903904883645537,0.37650391926631416,0.0
1.4953495243728712,1.6830333785091807,0.3652865834377962,-1.2919416993920934,0.7025468580940969,-0.19146216928181906,0.0640726366926997,0.37650391926631416,0.0
0.6121838109430844,0.7600004800680382,-0.06934653394013467,-0.9297450854500577,0.9182013356797507,-0.19146216928181906,0.0640726366926997,0.44729039575128987,0.0
1.4541351244128145,2.266992967318883,0.2566283040933135,-2.0906931725225424,1.9924047712007433,-0.43060187796845895,-0.4108713835468931,0.23493096629636276,0.0
1.1715220961152828,0.8730249166118516,0.7184259913073651,-1.6061652518848526,1.5529579112148828,-0.43060187796845895,0.01657823466874042,0.5888633487212412,0.0
0.6592859823260063,0.5716264191616827,-0.3953213719735828,-1.116840025102235,1.3861308625165467,-0.5900283504262189,-0.5058601875948117,0.16414448981138705,0.0
0.6180715823659496,0.6093012313429538,0.12080545491271008,-1.1216373312471626,1.2193038138182108,-0.03203569682405913,0.20655584276457753,0.5888633487212412,0.0
1.2833897531497223,1.023724165336936,0.41961572311003753,-1.3519080262036887,1.0809594319708102,0.1273907756337008,-0.22089377545105598,0.44729039575128987,0.0
0.4178873539885313,0.4397645765272337,-0.06934653394013467,-0.5603525122906307,0.5072371425448254,0.047677539404820835,0.11156703871665898,0.5180768722362655,0.0
0.6710615251717369,0.6658134496148604,-0.31382766246522076,-0.7642380234500546,0.6740641912431614,-0.11174893305293909,0.15906144074061826,0.44729039575128987,0.0
0.11172323999953854,0.47743938870850483,-0.6398025004986689,0.008128265883292728,-0.1031057185466476,-0.350888641739579,-0.22089377545105598,0.44729039575128987,0.0
-0.39462510236687254,0.3455775460740559,-0.23233395295685874,-0.20535185756598653,0.5560645714321434,-0.11174893305293909,-0.3158825794989745,0.8012227781761684,0.0
0.6533982109031411,0.7788378861586738,-0.12367567361237602,-0.8553868402036795,0.5642024762466963,-0.19146216928181906,-0.4583657855708524,0.44729039575128987,0.0
0.912460153509212,1.0990737896994782,-0.44965051164582415,-1.001704677623972,0.8815807640142623,-0.271175405510699,-0.6958377956906487,0.16414448981138705,0.0
0.2824686112626307,0.4397645765272337,-0.12367567361237602,-0.5723457776529497,0.5357198093957609,-0.19146216928181906,-0.07841056937917813,1.0843686841160711,0.0
-0.12378761691507127,0.21371570343960697,0.09364088507658941,-0.11180438773989786,0.13289352107538865,-0.03203569682405913,-0.1733993734270967,0.44729039575128987,0.0
1.5071250672186016,1.9090822515968073,-0.6398025004986689,-0.8985625955080281,0.06372133015168838,0.047677539404820835,0.4440278528843739,1.2259416370860226,0.0
1.2362875817668004,0.9106997287931227,-0.01501739426789331,-1.0568736982906397,0.6130299051340141,-0.271175405510699,0.49152225490833323,1.0135822076310954,0.0
1.2009609532296088,1.0802363836088427,-0.2866630926291001,-1.296739005537021,1.0321320030834924,-0.03203569682405913,0.34903904883645537,0.8720092546611441,0.0
0.8947968392406161,0.5339516069804116,-0.6669670703347896,-0.7786299418848376,0.47875447569389007,0.1273907756337008,0.7289942650281296,1.0843686841160711,1.0
1.1244199247323607,0.8165126983399449,-0.9929419083682377,-0.697075737421068,0.2875137125518952,-0.11174893305293909,0.2540502447885368,0.7304363016911927,1.0
1.2716142103039918,1.4004722871496473,-0.5583087909903068,-0.8050151256819394,0.13696247348266516,-0.19146216928181906,0.15906144074061826,1.0135822076310954,0.0
1.518900610064332,1.4758219115121896,-1.1016001877127204,-0.9657248815370149,0.2915826649591717,-0.03203569682405913,0.11156703871665898,1.2967281135709983,0.0
1.083205524772304,1.2497730384245629,-0.5854733608264275,-0.7666366765225184,0.16951409274087706,0.28681724809146075,0.5390166569322925,1.367514590055974,0.0
0.6298471252116802,0.9672119470650294,-0.802789919515393,-0.3444737357688876,-0.08276095651026516,0.1273907756337008,0.3015446468124961,1.1551551606010468,1.0
0.6710615251717369,0.4962767947991404,0.20229916442107213,-0.4092373687254105,-0.09496781373209463,0.20710401186258076,0.7764886670520889,0.8720092546611441,0.0
1.324604153109779,1.6830333785091807,-0.8571190591876343,-0.9537316161746958,0.4421339040284017,-0.350888641739579,-0.1733993734270967,0.44729039575128987,0.0
0.08228438288521231,0.13836607907706472,-0.6398025004986689,0.24319626698474628,-0.5913800074198261,0.047677539404820835,0.634005460980211,1.1551551606010468,0.0
0.6651737537488716,0.6281386374335893,0.2566283040933135,-0.7162649620007785,0.4421339040284017,-0.11174893305293909,0.39653345086041464,0.5888633487212412,0.0
0.6239593537888148,0.5527890130710471,0.41961572311003753,-0.8577854932761433,0.6984779056868204,-0.03203569682405913,0.4440278528843739,0.659649825206217,0.0
0.9595623248921339,0.4397645765272337,-0.6669670703347896,-0.3204872050442495,-0.2658638148377071,-0.271175405510699,0.8239830690760481,0.9427957311461198,0.0
1.2892775245725876,1.4004722871496473,-0.802789919515393,-0.9729208407544063,0.47875447569389007,-0.19146216928181906,0.15906144074061826,0.5888633487212412,0.0
0.5827449538287581,0.515114200889776,-0.2594985227929794,-0.9297450854500577,0.9833045741961745,0.047677539404820835,0.34903904883645537,0.5180768722362655,0.0
1.1950731818067437,1.4758219115121896,-1.0744356178765997,-0.5003861854790354,-0.25365695761587764,0.047677539404820835,0.20655584276457753,0.7304363016911927,1.0
1.0714299819265736,0.8165126983399449,-0.5854733608264275,-1.0568736982906397,0.8612360019778799,0.1273907756337008,-0.07841056937917813,0.7304363016911927,1.0
0.7358270108232545,0.7788378861586738,-0.09651110377625535,-1.0376844737109292,1.0077182886398335,-0.11174893305293909,-0.1733993734270967,0.7304363016911927,0.0
1.0890932961951694,1.0048867592463004,-0.3953213719735828,-0.9417383508123768,0.6048920003194612,0.047677539404820835,-0.12590497140313742,0.7304363016911927,0.0
1.395257410184162,1.7395455967810873,-0.3953213719735828,-1.4190703122326753,1.0809594319708102,-0.271175405510699,-0.26838817747501525,0.44729039575128987,1.0
0.7829291822061765,0.9106997287931227,-0.6398025004986689,-0.6562986351891832,0.3810996179192544,-0.11174893305293909,-0.07841056937917813,0.659649825206217,0.0
0.7770414107833112,0.8918623227024871,-0.01501739426789331,-0.8817720240007815,0.686271048464991,-0.03203569682405913,-0.26838817747501525,0.5180768722362655,0.0
0.9890011820064601,0.8918623227024871,-0.5311442211541862,-1.1336305966094817,0.9670287645670685,0.047677539404820835,0.20655584276457753,1.1551551606010468,1.0
1.0478788962351124,1.3439600688777407,-0.6126379306625482,-1.3878878222906457,1.6872333406550069,0.1273907756337008,0.0640726366926997,1.0135822076310954,0.0
-0.20032864541231946,0.23255310953024252,-0.5854733608264275,-0.7306568804355613,1.2070969565963814,0.3665304843203407,0.2540502447885368,1.2967281135709983,0.0
0.7299392394003893,1.023724165336936,-0.5854733608264275,-1.0089006368413636,0.9385460977161332,0.047677539404820835,0.11156703871665898,0.9427957311461198,1.0
0.7770414107833112,0.684650855705496,-1.3460813162378065,-1.3039349647544123,1.6099232449167535,0.047677539404820835,0.2540502447885368,0.7304363016911927,0.0
1.3304919245326443,1.0425615714275716,-0.8571190591876343,-1.2775497809573104,1.113511051229022,-0.5103151141973389,-0.07841056937917813,0.44729039575128987,0.0
0.7829291822061765,0.6658134496148604,-0.8299544893515137,-0.6850824720587488,0.49909923773027254,0.047677539404820835,0.01657823466874042,1.0135822076310954,0.0
1.083205524772304,0.6281386374335893,-0.36815680213746216,-1.0880561882326694,0.8978565736433682,0.20710401186258076,0.0640726366926997,1.0135822076310954,0.0
1.6425438099445022,0.684650855705496,1.8865024942605542,-1.4166716591602115,0.5967540955049082,1.0042363741513805,1.6313879034833558,0.9427957311461198,0.0
0.5474183252915666,0.854187510521216,0.6640968516351237,-0.7882245541746928,0.23461733125730083,0.4462437205492207,1.1564438832437631,1.5798740195109011,0.0
1.3775940959155664,0.6469760435242249,2.9459207178692606,-1.5366043127834021,0.6293057147631201,0.9245231379225004,1.6788823055073152,1.367514590055974,0.0
-0.07668544553214932,0.13836607907706472,-0.04218196410401399,0.2623854915644568,-0.6035868646416556,0.28681724809146075,0.49152225490833323,1.2967281135709983,0.0
2.378515237802658,0.8730249166118516,2.7829332988525364,-1.932382069739931,0.6170988575412907,1.0839496103802604,1.5363990994354373,1.0843686841160711,0.0
0.6475104394802759,0.13836607907706472,1.1802236785214166,-1.2343740256529618,0.9019255260506448,1.2433760828380203,1.1564438832437631,1.4383010665409497,0.0
0.6121838109430844,0.8353501044305804,1.2617173880297785,-1.1456238619718007,0.3566859034755955,1.0839496103802604,1.3939158933635596,1.863019925450804,0.0
-0.24154304537237617,0.17604089125833586,0.9357425499963304,-0.09261516316018736,-0.33910495816868386,0.9245231379225004,1.7263767075312746,1.7214469724808525,0.0
-0.7243403020473262,-1.0860653168142467,3.9781743716418463,1.089920801564472,-2.1335129697776147,1.5622290277535402,0.49152225490833323,2.0045928784207554,0.0
-0.07668544553214932,-1.0483905046329756,2.7286041591802954,0.6941430446079428,-1.6533765857189893,1.2433760828380203,0.39653345086041464,1.863019925450804,0.0
-0.5830337878985604,-1.0107156924517045,3.0545789972137434,0.7205282284050448,-1.266826107027723,1.3230893190669002,0.3015446468124961,1.0843686841160711,0.0
-1.819465786700262,-1.594675281261407,1.31604652770202,1.1978601898253434,-0.766344960932715,1.0042363741513805,0.3015446468124961,0.5888633487212412,0.0
-0.765554702007383,-1.0672279107236111,3.923845231969605,0.9555962295064984,-1.7917209675663899,1.4825157915246603,0.4440278528843739,1.4383010665409497,0.0
-0.742003616315922,-0.8788538498172556,2.076654483113399,0.6245821055064924,-0.8517929614855213,1.0042363741513805,0.2540502447885368,1.367514590055974,0.0
0.2883563826854959,-0.6151301645483577,0.9900716896685718,-0.19335859220366747,-0.3228291485395779,0.8448099016936205,0.8714774711000075,2.075379354905731,0.0
-0.6772381306644043,-1.0672279107236111,1.31604652770202,0.24079761391228247,-0.10717467095392409,0.7650966654647405,0.01657823466874042,1.367514590055974,1.0
-1.8783435009289144,-1.3874638142644158,1.4247048070465027,1.3297861088108531,-1.1325506775875989,0.7650966654647405,0.2540502447885368,2.92481707272544,0.0
-1.943108986580432,-1.4439760325363225,1.6148567958993474,1.0347517808978042,-0.6524142935289734,1.3230893190669002,0.5865110589562518,2.7832441197554885,0.0
-0.17088978829799323,-1.330951595992509,1.5876922260632267,0.032114796607930846,-0.15193314743396544,0.9245231379225004,0.7289942650281296,1.7922334489658283,0.0
0.5415305538687014,0.27022792171151366,-0.9657773385321171,0.029716143535467032,-0.607655817048932,0.28681724809146075,1.3464214913396002,1.2967281135709983,1.0
0.4002240397199356,-0.4832683219139088,0.6097677119628823,-0.6491026759717917,0.3119274269955541,0.6056701930069806,1.298927089315641,1.6506604959958768,2.0
1.230399810343935,0.9295371348837583,0.8270842706518478,-1.054475045218176,0.22241047403547137,0.1273907756337008,0.9189718731239668,1.0843686841160711,2.0
1.1420832390009565,0.684650855705496,-0.1508402434484967,-0.9561302692471596,0.2793758077373422,0.3665304843203407,0.8714774711000075,1.6506604959958768,2.0
0.9301234677778076,0.04417904862388693,-0.47681508148194485,-0.3036966335370028,-0.4164150539069371,0.4462437205492207,1.6313879034833558,1.6506604959958768,2.0
0.9948889534293254,0.1572034851677003,-0.5039796513180655,-0.49319022626164394,-0.2007605763212833,0.6056701930069806,2.01134311967503,1.863019925450804,2.0
-0.07668544553214932,0.08185386080515805,-0.3953213719735828,0.1400541848688024,-0.47338038760880796,0.4462437205492207,1.4414102953875187,2.0045928784207554,2.0
-0.48294167370985125,-0.9730408802704333,2.3754647513107265,0.6653592077383772,-1.0877922011075576,0.7650966654647405,0.2540502447885368,1.0843686841160711,1.0
-0.3887373309440073,-0.9353660680891622,2.1309836227856405,0.5694130848398247,-0.9942062957401984,0.8448099016936205,0.49152225490833323,1.0843686841160711,1.0
0.7888169536290417,-0.4079186975513665,0.2294637342571928,0.14245283794126617,-0.8029655325982035,0.5259569567781006,0.5390166569322925,-0.11900141612851575,2.0
-1.4249851013682904,-1.2744393777206022,1.0444008293408131,1.025157168607949,-0.8111034374127564,0.6853834292358606,0.15906144074061826,1.9338064019357797,2.0
-1.5015261298655387,-1.3686264081737802,0.6912614214712444,0.9675894948688174,-0.6402074363071439,0.9245231379225004,0.49152225490833323,2.146165831390707,1.0
-0.6301359592814824,-0.9918782863610689,3.4077184050833123,0.5070481049557656,-0.9942062957401984,0.9245231379225004,0.8239830690760481,1.5090875430259254,1.0
-0.2768696739095676,-0.7658294132734422,1.2073882483575373,0.310358553013733,-0.6442763887144204,0.9245231379225004,0.6814998630041703,1.7922334489658283,0.0
0.12938655426813428,-0.5774553523670866,0.5011094326183996,0.21441243011518055,-0.6524142935289734,0.8448099016936205,0.5390166569322925,1.2967281135709983,0.0
0.2824686112626307,0.515114200889776,-0.884283629023755,-0.5003861854790354,0.5804782858758023,0.3665304843203407,0.0640726366926997,0.8012227781761684,0.0
0.6946126108631978,0.8730249166118516,-1.4547395955822893,-0.8409949217688967,0.9751666693816216,-0.350888641739579,0.7764886670520889,0.16414448981138705,1.0
-0.2827574453324329,0.2513905156208781,-1.1830938972210825,0.2671827977093844,-0.08276095651026516,-0.271175405510699,-0.12590497140313742,0.37650391926631416,1.0
2.9260779801291257,1.9844318759593498,-1.9708664224685821,-2.107483744029789,1.3861308625165467,1.0042363741513805,0.15906144074061826,0.44729039575128987,1.0
2.2666475807682183,2.4365296221346027,-1.6992207241073753,-1.6493410071892012,0.9751666693816216,-0.271175405510699,0.15906144074061826,0.7304363016911927,2.0
1.8132891812075944,0.8730249166118516,-0.9657773385321171,-1.3806918630732543,0.7513742869814147,1.5622290277535402,1.3464214913396002,1.2259416370860226,2.0
1.5483394671786583,0.8353501044305804,-0.9114481988598757,-1.2271780664355703,0.9507529549379626,0.20710401186258076,0.34903904883645537,0.44729039575128987,1.0
0.9654500963149991,0.8165126983399449,-1.563397874926772,-0.7306568804355613,0.519443999766655,0.28681724809146075,0.634005460980211,-0.04821493964354005,2.0
0.34134632549128313,0.5716264191616827,-1.0201064782043585,-0.5147781039138183,0.5642024762466963,-0.03203569682405913,0.0640726366926997,1.0135822076310954,2.0
1.0890932961951694,0.9295371348837583,-2.0795247018130647,-0.747447451942808,0.7188226677232028,-0.43060187796845895,-0.4108713835468931,0.23493096629636276,2.0
2.861312494477608,2.1162937185937984,0.7184259913073651,-2.4360992149573315,1.5366821015857768,0.20710401186258076,0.5390166569322925,0.8012227781761684,2.0
2.984955694357778,1.796057815052994,-1.9708664224685821,-2.1602541116239933,1.3942687673310996,0.8448099016936205,1.1089494812198037,0.44729039575128987,1.0
0.9183479249320772,1.155586007971385,-1.0744356178765997,-0.8170083910442585,0.36482380829014843,1.5622290277535402,0.5390166569322925,2.0045928784207554,1.0
1.660207124213098,1.5134967236934607,0.555438572290641,-1.524611047421083,0.9466840025306861,0.047677539404820835,1.0139606771718852,0.7304363016911927,1.0
2.013473409585013,1.4758219115121896,-0.5583087909903068,-1.3998810876529648,0.8571670495706034,-0.9885945315706187,-0.3158825794989745,0.23493096629636276,0.0
2.2725353521910834,2.907464774400492,-0.8571190591876343,-1.6973140686384776,0.8408912399414974,-0.350888641739579,-0.03091616735521886,0.7304363016911927,1.0
3.049721180009296,2.8132777439473142,0.20229916442107213,-2.2753894591022563,0.9833045741961745,-0.7494548228839788,0.11156703871665898,0.7304363016911927,0.0
2.6140260947172678,2.5307166525877807,-1.4004104559100479,-1.7932601915370299,0.8897186688288153,-0.19146216928181906,0.01657823466874042,1.1551551606010468,1.0
1.083205524772304,1.456984505421554,-1.4275750257461686,-0.8218056971891862,0.45027180884295465,0.4462437205492207,0.9189718731239668,0.7304363016911927,0.0
2.696454894637381,2.0786189064125273,-1.48190416541841,-1.9587672535370328,0.9426150501234096,1.4825157915246603,2.0588375216989894,1.4383010665409497,0.0
2.690567123214516,2.7190907134941362,0.14797002474883075,-1.9587672535370328,0.9100634308651977,-0.11174893305293909,0.01657823466874042,-0.11900141612851575,0.0
2.3726274663797926,2.3800174038626962,-0.36815680213746216,-1.7884628853921023,0.9222702880870272,0.5259569567781006,-0.26838817747501525,0.8720092546611441,0.0
1.5424516957557932,2.2858303734095187,-0.2594985227929794,-1.666131578696448,1.2111659090036577,0.28681724809146075,0.6814998630041703,1.0843686841160711,0.0
1.2186242674982046,1.8148952211436296,-0.9386127686959964,-1.5318070066384744,1.3901998149238233,0.28681724809146075,0.634005460980211,1.5090875430259254,0.0
2.619913866140133,2.7190907134941362,-1.5905624447628928,-2.100287784812398,1.3739240052947173,-0.11174893305293909,0.15906144074061826,0.8012227781761684,0.0
1.3422674673783748,0.7223256678867671,-1.1830938972210825,-0.9753194938268701,0.7391674297595853,1.3230893190669002,-0.03091616735521886,0.02257153684143565,0.0
-0.6242481878586171,-0.10652020010119756,-0.17800481328461737,-0.10460842852250643,0.5682714286539728,0.8448099016936205,1.8688599136031523,-1.0392256104331998,0.0
-1.1364843016478934,0.17604089125833586,-0.5039796513180655,0.14485149101373,0.5845472382830788,0.20710401186258076,1.4889046974114781,-0.9684391339482242,0.0
-0.7773302448531135,-0.558617946276451,-0.5039796513180655,0.15444610330358524,0.45840971365750766,-0.03203569682405913,1.6788823055073152,-0.9684391339482242,0.0
-1.077606587419241,-0.5774553523670866,-0.36815680213746216,0.17363532788329575,0.6252367623558436,-0.11174893305293909,1.5838935014593967,-1.1100120869181755,0.0
-0.7007892163558653,-0.44559350973263767,0.06647631524046872,-0.06143267321815781,0.7961327634614561,-0.5103151141973389,0.34903904883645537,-1.1100120869181755,0.0
-0.7478913877387873,0.11952867298642916,0.06647631524046872,0.008128265883292728,0.5235129521739315,-0.9885945315706187,0.34903904883645537,-1.0392256104331998,0.0
-0.6242481878586171,-0.3325690731888243,-0.44965051164582415,0.16883802173836812,0.41365123717746627,-0.350888641739579,0.15906144074061826,-0.9684391339482242,0.0
-0.8833101304646879,-0.6528049767296288,-0.1508402434484967,0.1640407155934405,0.6252367623558436,-0.350888641739579,0.15906144074061826,-0.9684391339482242,0.0
-0.7714424734302483,-0.4267561036420021,0.12080545491271008,0.015324225100684163,0.7106847629086499,-0.43060187796845895,0.11156703871665898,-1.0392256104331998,0.0
-0.8067691019674397,-0.7093171950015354,-0.44965051164582415,0.05370267426010515,0.6822020960577144,-0.350888641739579,0.39653345086041464,-1.1100120869181755,0.0
-0.5889215593214256,-0.5209431340951799,0.6097677119628823,-0.4692036955370058,1.3901998149238233,-0.9885945315706187,0.11156703871665898,-1.0392256104331998,0.0
-0.453502816595525,-0.3325690731888243,0.44678029294615823,-0.6011296145225155,1.439027243811141,-0.8291680591128587,0.7764886670520889,-1.1100120869181755,0.0
-0.6006971021671561,-0.29489426100755317,0.3381220136016755,-0.5651498184355583,1.504130482327565,-0.9088812953417388,0.4440278528843739,-0.9684391339482242,0.0
-0.20032864541231946,-0.728154601092171,0.2566283040933135,-0.7810285949573014,1.6709575310259008,-0.5900283504262189,0.7764886670520889,-0.9684391339482242,0.0
-0.12967538833793651,-0.25721944882628206,0.44678029294615823,-0.7402514927254166,1.4756478154766295,-0.8291680591128587,0.3015446468124961,-0.9684391339482242,0.0
-0.7478913877387873,-0.6339675706389932,0.06647631524046872,0.1232636133615557,0.5601335238394198,-0.271175405510699,0.15906144074061826,-0.9684391339482242,0.0
-0.9421878446933404,-0.4267561036420021,-0.5854733608264275,0.23360165469489103,0.503168190137549,-0.03203569682405913,0.4440278528843739,-1.0392256104331998,1.0
-1.0363921874591844,-0.558617946276451,-0.01501739426789331,0.16883802173836812,0.6333746671703966,-0.5900283504262189,0.634005460980211,-1.0392256104331998,1.0
-0.3475229309839506,-0.6339675706389932,-0.5854733608264275,0.07529055191227946,0.344479046253766,0.20710401186258076,1.1089494812198037,-1.1100120869181755,1.0
-0.44761504517265976,-0.5209431340951799,-0.4224859418097035,0.01052691895575654,0.5519956190248668,0.4462437205492207,0.2540502447885368,-1.1100120869181755,1.0
-0.6065848735900213,-0.86001644372662,-0.7484607798431516,0.19762185860793385,0.49909923773027254,-0.43060187796845895,0.39653345086041464,-1.0392256104331998,1.0
-0.7537791591616525,-0.9542034741797978,-0.23233395295685874,0.20002051168039767,0.503168190137549,-0.271175405510699,1.4889046974114781,-1.1100120869181755,1.0
-0.8420957305046312,-0.4079186975513665,0.14797002474883075,0.09447977649198995,0.6252367623558436,-0.350888641739579,-0.03091616735521886,-1.0392256104331998,1.0
-0.6831259020872695,-0.8411790376359845,-0.2594985227929794,0.2240070424050358,0.344479046253766,0.047677539404820835,1.0614550791958446,-1.0392256104331998,1.0
-0.7596669305845177,-0.6151301645483577,-0.44965051164582415,0.15684475637604905,0.5357198093957609,0.20710401186258076,0.4440278528843739,-1.1100120869181755,1.0
-1.1070454445335673,-0.4644309158232732,0.2566283040933135,0.1664393686659043,0.6008230479121847,-0.350888641739579,1.4414102953875187,-1.1100120869181755,1.0
-0.4122884166354683,-0.5021057280045443,-0.3953213719735828,0.03691210275285847,0.5235129521739315,-0.8291680591128587,0.39653345086041464,-0.9684391339482242,1.0
-0.453502816595525,-0.7846668193640778,-0.7484607798431516,0.027317490463003222,0.6130299051340141,-0.271175405510699,0.8714774711000075,-1.0392256104331998,0.0
-0.8244324162360355,-0.7093171950015354,-0.6941316401709102,0.23839896083981865,0.49096133291571953,0.3665304843203407,0.9189718731239668,-1.1100120869181755,0.0
-0.3475229309839506,-0.9542034741797978,-0.6398025004986689,0.19282455246300623,0.5479266666175904,0.047677539404820835,0.7289942650281296,-1.0392256104331998,0.0
-0.7243403020473262,-0.6339675706389932,-0.5311442211541862,0.09687842956445376,0.6211678099485671,-0.03203569682405913,0.6814998630041703,-1.0392256104331998,0.0
-0.8479835019274965,-0.6151301645483577,-0.17800481328461737,0.1472501440861938,0.5723403810612493,-0.9885945315706187,-0.26838817747501525,-1.0392256104331998,0.0
-0.9127489875790141,-0.5209431340951799,-0.2594985227929794,0.13285822565141095,0.6211678099485671,0.047677539404820835,0.9189718731239668,-1.1100120869181755,1.0
-1.0834943588421062,-0.3325690731888243,-0.04218196410401399,0.20961512397025292,0.5764093334685257,-0.19146216928181906,0.34903904883645537,-0.9684391339482242,1.0
-0.8185446448131702,-0.7846668193640778,-0.47681508148194485,0.23839896083981865,0.4828234281011666,-0.19146216928181906,0.5865110589562518,-1.0392256104331998,1.0
-0.5477071593613689,-0.5397805401858154,-0.09651110377625535,0.060898633477496585,0.5235129521739315,-0.350888641739579,0.3015446468124961,-1.1100120869181755,1.0
-1.1070454445335673,-0.558617946276451,0.20229916442107213,0.20002051168039767,0.5479266666175904,-0.03203569682405913,1.0139606771718852,-0.9684391339482242,1.0
-0.7125647592015958,-0.7469920071828067,-0.5039796513180655,0.1040743887818452,0.5845472382830788,-0.11174893305293909,1.1564438832437631,-1.0392256104331998,1.0
-0.5594827022070994,-0.6151301645483577,0.3381220136016755,0.020121531245611786,0.511306094952102,-0.7494548228839788,0.7289942650281296,-1.1100120869181755,1.0
-0.9421878446933404,-0.6528049767296288,-0.7756253496792723,0.2264056954774996,0.5479266666175904,0.28681724809146075,1.0139606771718852,-1.1100120869181755,1.0
-0.8420957305046312,-0.3702438853700954,-0.2594985227929794,0.2671827977093844,0.6211678099485671,0.047677539404820835,0.8714774711000075,-1.1100120869181755,1.0
-0.9363000732704752,-0.5774553523670866,-0.6669670703347896,0.221608389332572,0.6415125719849496,-0.43060187796845895,0.966466275147926,-1.0392256104331998,1.0
-0.3357473881382201,-0.6904797889108999,-0.7484607798431516,0.15684475637604905,0.5153750473593784,0.1273907756337008,1.3464214913396002,-1.0392256104331998,1.0
-0.8244324162360355,-0.4079186975513665,-0.1508402434484967,0.1232636133615557,0.5642024762466963,0.8448099016936205,-0.12590497140313742,-1.0392256104331998,1.0
-0.40640064521260305,-0.5397805401858154,1.1802236785214166,-0.8266030033341137,1.6994401978768363,-0.9885945315706187,1.1564438832437631,-0.9684391339482242,1.0
-0.34163515956108537,-0.2760568549169176,0.3381220136016755,-1.040083126783393,2.0249563904589554,-0.8291680591128587,1.7263767075312746,-1.0392256104331998,1.0
-0.44172727374979454,-0.558617946276451,0.31095744376555484,-0.6538999821167193,1.5651647684367123,-0.6697415866550989,0.966466275147926,-1.0392256104331998,1.0
-0.6065848735900213,-0.5021057280045443,0.7727551309796064,-0.6011296145225155,1.5855095304730946,-0.6697415866550989,1.4889046974114781,-0.9684391339482242,1.0
-0.30042075960102865,-0.38908129146073095,0.799919700815727,-0.709069002783387,1.4959925775130118,-0.5103151141973389,0.34903904883645537,-1.0392256104331998,1.0
-0.5889215593214256,-0.5962927584577221,0.17513459458495145,-0.4620077363196144,1.4146135293674822,-0.6697415866550989,0.39653345086041464,-1.0392256104331998,1.0
-0.5594827022070994,-0.5774553523670866,0.799919700815727,-0.5531565530732392,1.5244752443639473,-0.7494548228839788,0.5865110589562518,-0.9684391339482242,1.0
-0.57125824505283,-0.4644309158232732,0.6912614214712444,-0.5099807977688906,1.3739240052947173,-0.5900283504262189,0.4440278528843739,-1.1100120869181755,1.0
-0.44761504517265976,-0.29489426100755317,0.881413410324089,-0.593933655305124,1.3210276240001229,-0.43060187796845895,0.8714774711000075,-1.0392256104331998,1.0
-1.0834943588421062,-0.8976912559078911,-0.47681508148194485,0.25279087927460153,0.7066158105013733,-0.19146216928181906,1.1089494812198037,-1.0392256104331998,1.0
-1.101157673110702,-0.8788538498172556,-0.4224859418097035,0.29596663457895017,0.6415125719849496,-0.350888641739579,0.11156703871665898,-1.0392256104331998,1.0
-1.0246166446134537,-0.7469920071828067,-0.23233395295685874,0.25279087927460153,0.5275819045812079,-0.271175405510699,0.966466275147926,-0.9684391339482242,1.0
-0.765554702007383,-0.7093171950015354,-0.5039796513180655,0.08968247034706232,0.6903400008722674,-0.350888641739579,0.634005460980211,-1.1100120869181755,1.0
-0.5300438450927732,-1.7076997178052202,0.2294637342571928,-0.2581222251601904,0.5926851430976318,-0.9885945315706187,-0.6008489916427302,-1.0392256104331998,1.0
-1.0952699016878367,-0.558617946276451,-0.2594985227929794,-0.030250183276128263,0.7961327634614561,-0.8291680591128587,-0.5533545896187709,-1.0392256104331998,1.0
-0.765554702007383,-0.10652020010119756,-0.2866630926291001,-0.03264883634859207,0.7554432393886912,-0.7494548228839788,-0.6483433936666895,-0.9684391339482242,1.0
-1.2071375587222763,-0.7846668193640778,-0.3953213719735828,0.20961512397025292,0.8327533351269445,-0.9088812953417388,0.5390166569322925,-1.1100120869181755,1.0
-0.7773302448531135,-0.8411790376359845,-0.5583087909903068,-0.013459611768881578,0.8327533351269445,-0.19146216928181906,1.4889046974114781,-0.9684391339482242,1.0
-1.148259844493624,-0.4644309158232732,-0.6398025004986689,0.1256622664340195,0.8286843827196679,-0.5900283504262189,1.2514326872916817,-0.9684391339482242,0.0
-0.6890136735101349,-0.7658294132734422,-0.802789919515393,0.23839896083981865,0.3566859034755955,0.28681724809146075,1.298927089315641,-0.9684391339482242,0.0
-1.0010655589219928,-0.5209431340951799,0.03931174540434805,0.07049324576735183,0.7757880014250736,-0.6697415866550989,0.7289942650281296,-1.1100120869181755,0.0
-0.9127489875790141,-0.10652020010119756,-0.2866630926291001,-0.047040754783374945,0.7025468580940969,0.20710401186258076,2.201320727770867,-1.0392256104331998,0.0
-0.6301359592814824,-0.8223416315453489,-0.6941316401709102,0.01052691895575654,0.7147537153159264,-0.19146216928181906,1.3939158933635596,-1.1100120869181755,0.0
-1.030504416036319,-0.2760568549169176,0.06647631524046872,0.11366900107170044,0.7188226677232028,-0.9885945315706187,0.3015446468124961,-1.1100120869181755,0.0
-0.8479835019274965,-0.3325690731888243,-0.2866630926291001,0.16164206252097668,0.8571670495706034,-0.350888641739579,1.3939158933635596,-0.9684391339482242,0.0
-0.8303201876589007,-0.558617946276451,-0.23233395295685874,0.060898633477496585,0.6293057147631201,-0.5103151141973389,1.7738711095552337,-1.0392256104331998,0.0
-0.3534107024068158,-0.3325690731888243,-0.3953213719735828,-0.5747444307254136,1.3617171480728878,0.047677539404820835,1.2514326872916817,-1.0392256104331998,0.0
-0.6772381306644043,-0.6716423828202643,0.31095744376555484,-0.593933655305124,1.6709575310259008,-0.7494548228839788,0.7764886670520889,-1.1100120869181755,1.0
-0.4888294451327165,-0.2760568549169176,0.2566283040933135,-0.5651498184355583,1.6261990545458596,-0.5900283504262189,1.0614550791958446,-1.0392256104331998,1.0
-0.5535949307842342,-0.5774553523670866,0.5826031421267617,-0.6730892066964298,1.6913022930622832,-0.8291680591128587,0.4440278528843739,-1.0392256104331998,1.0
-0.6419115021272128,-0.4832683219139088,0.20229916442107213,-0.6083255737399069,1.6587506738040714,-0.5103151141973389,0.49152225490833323,-1.1100120869181755,1.0
-0.7066769877787306,-0.558617946276451,0.20229916442107213,-0.5531565530732392,1.6261990545458596,-0.9885945315706187,0.7764886670520889,-1.0392256104331998,1.0
-0.3357473881382201,-0.6339675706389932,0.3381220136016755,-0.7426501457978804,1.6424748641749654,-0.8291680591128587,1.2039382852677225,-1.1100120869181755,1.0
-0.429951730904064,-0.3702438853700954,0.3652865834377962,-0.697075737421068,1.6099232449167535,-0.5900283504262189,0.5865110589562518,-1.0392256104331998,1.0
-0.8833101304646879,-1.0483905046329756,-1.318916746401686,1.5336716199702771,-1.4946874418352063,-0.9885945315706187,-0.4108713835468931,-1.1100120869181755,1.0
-0.8538712733503617,-1.2367645655393311,-1.047271048040479,1.521678354607958,-1.5150322038715887,-0.350888641739579,-0.5533545896187709,-1.0392256104331998,1.0
-0.9127489875790141,-1.1425775350861533,-1.0744356178765997,1.545664885332596,-1.5068942990570358,0.20710401186258076,-1.8357034442656714,-1.1100120869181755,1.0
-0.8538712733503617,-1.2367645655393311,-0.9114481988598757,1.5336716199702771,-1.5150322038715887,-0.350888641739579,-0.7908265997385673,-1.0392256104331998,1.0
-0.765554702007383,-1.330951595992509,-0.7756253496792723,1.4017457009847674,-1.5150322038715887,0.3665304843203407,-0.1733993734270967,-1.0392256104331998,1.0
-1.030504416036319,-0.9542034741797978,-1.4547395955822893,1.5816446814195533,-1.4743426797988237,-0.9885945315706187,-0.1733993734270967,-1.0392256104331998,1.0
-1.0893821302649715,-1.0483905046329756,-1.5905624447628928,1.5864419875644808,-1.4946874418352063,-0.350888641739579,0.3015446468124961,-1.1100120869181755,1.0
-0.7949935591217092,-1.330951595992509,-0.8299544893515137,1.4137389663470865,-1.5150322038715887,0.20710401186258076,-0.4108713835468931,-0.9684391339482242,1.0
-1.0010655589219928,-1.1425775350861533,-1.3732458860739272,1.5576581506949152,-1.4946874418352063,-0.8291680591128587,0.3015446468124961,-1.0392256104331998,1.0
-0.8833101304646879,-1.2367645655393311,-1.1016001877127204,1.5336716199702771,-1.5068942990570358,-0.19146216928181906,-0.4108713835468931,-1.0392256104331998,1.0
-0.9127489875790141,-1.1425775350861533,-1.318916746401686,1.545664885332596,-1.4946874418352063,-0.5900283504262189,-0.1733993734270967,-1.1100120869181755,1.0
-0.8833101304646879,-1.2367645655393311,-1.047271048040479,1.5336716199702771,-1.5068942990570358,-0.19146216928181906,-0.26838817747501525,-1.1100120869181755,1.0
-0.9421878446933404,-1.0860653168142467,-0.9114481988598757,1.545664885332596,-1.5068942990570358,-0.9885945315706187,-0.8858154037864859,-0.9684391339482242,1.0
-0.8538712733503617,-1.2744393777206022,-0.9929419083682377,1.521678354607958,-1.5150322038715887,0.20710401186258076,-0.8858154037864859,-0.9684391339482242,1.0
-0.8244324162360355,-1.2367645655393311,-0.8299544893515137,1.5096850892456388,-1.5150322038715887,0.4462437205492207,-1.1707818159302417,-1.0392256104331998,1.0
-0.8538712733503617,-1.2744393777206022,-0.9114481988598757,1.521678354607958,-1.5150322038715887,-0.19146216928181906,-0.7908265997385673,-1.0392256104331998,1.0
-0.8538712733503617,-1.2744393777206022,-0.9114481988598757,1.49769182388332,-1.5150322038715887,0.20710401186258076,-0.7908265997385673,-1.0392256104331998,0.0
-0.8244324162360355,-1.330951595992509,-0.7756253496792723,1.49769182388332,-1.5150322038715887,0.20710401186258076,-0.6483433936666895,-0.9684391339482242,0.0
-0.9127489875790141,-1.0483905046329756,-1.1016001877127204,1.5576581506949152,-1.4824805846133768,-0.350888641739579,-1.075793011882323,-0.9684391339482242,0.0
-0.8538712733503617,-1.2367645655393311,-0.9114481988598757,1.521678354607958,-1.5150322038715887,-0.03203569682405913,-0.9808042078344045,-1.0392256104331998,0.0
-0.7361158448930568,-1.425138626445687,-0.6398025004986689,1.4017457009847674,-1.535376965907971,0.6056701930069806,-0.3158825794989745,-1.1100120869181755,0.0
-0.9421878446933404,-1.1425775350861533,-1.1830938972210825,1.5936379467818724,-1.4824805846133768,0.20710401186258076,-0.7908265997385673,-0.9684391339482242,0.0
-1.0010655589219928,-0.9542034741797978,-1.318916746401686,1.5816446814195533,-1.4743426797988237,-0.5900283504262189,-0.4108713835468931,-0.9684391339482242,0.0
-0.9716267018076666,-0.9542034741797978,-1.1016001877127204,1.5936379467818724,-1.5068942990570358,-0.8291680591128587,-0.6483433936666895,-1.0392256104331998,0.0
-0.9716267018076666,-0.9542034741797978,-1.1016001877127204,1.5936379467818724,-1.5068942990570358,-0.8291680591128587,-0.6483433936666895,-1.1100120869181755,2.0
-0.7949935591217092,-1.0483905046329756,-0.7756253496792723,1.4257322317094054,-1.4743426797988237,0.5259569567781006,-0.6958377956906487,-1.1100120869181755,2.0
-0.9421878446933404,-1.0483905046329756,-1.1830938972210825,1.545664885332596,-1.4743426797988237,-0.8291680591128587,-0.03091616735521886,-1.0392256104331998,2.0
-1.0893821302649715,-0.8976912559078911,-1.4547395955822893,1.6176244775065105,-1.4743426797988237,-1.1480210040283787,0.01657823466874042,-0.9684391339482242,2.0
-0.8538712733503617,-1.2367645655393311,-0.8299544893515137,1.5096850892456388,-1.5150322038715887,-0.03203569682405913,-1.1232874139062823,-1.0392256104331998,2.0
-1.0893821302649715,-0.8976912559078911,-1.1016001877127204,1.6176244775065105,-1.4824805846133768,-0.350888641739579,-1.6932202381937937,-0.9684391339482242,2.0
-0.9421878446933404,-1.0483905046329756,-1.047271048040479,1.5816446814195533,-1.4946874418352063,-0.350888641739579,-1.5032426300979564,-0.9684391339482242,2.0
-0.8067691019674397,-1.3497890020831445,-0.7212962100070309,1.5096850892456388,-1.535376965907971,0.7650966654647405,-1.2657706199781602,-1.0392256104331998,2.0
-0.765554702007383,-2.0844478396179316,-0.8299544893515137,1.6536042735934677,-1.616756014053501,1.5622290277535402,-1.8357034442656714,-1.0392256104331998,2.0
-0.7361158448930568,-0.9542034741797978,-0.23233395295685874,1.4377254970717246,-1.8812379205264727,1.80136873644018,0.3015446468124961,-1.0392256104331998,2.0
-1.0422799588820495,-1.425138626445687,-1.3732458860739272,1.612827171361583,-1.4092394412824,0.6056701930069806,-0.1733993734270967,-0.9684391339482242,2.0
-0.7066769877787306,-1.801886748258398,-0.09651110377625535,1.5336716199702771,-1.5150322038715887,1.80136873644018,-2.073175454385468,-1.0392256104331998,2.0
-0.765554702007383,-1.801886748258398,-0.8299544893515137,1.6296177428688294,-1.6371007760898832,1.5622290277535402,-1.8357034442656714,-0.9684391339482242,2.0
-0.9598511589619361,-1.4439760325363225,-1.3732458860739272,1.5936379467818724,-1.4539979177624414,1.2433760828380203,-0.5058601875948117,-1.0392256104331998,2.0
-0.7361158448930568,-2.0844478396179316,-0.5039796513180655,1.6176244775065105,-1.6371007760898832,1.4028025552957804,-1.8357034442656714,-1.0392256104331998,2.0
-0.7361158448930568,-0.86001644372662,-0.36815680213746216,1.4257322317094054,-1.8202036344173251,1.4028025552957804,0.0640726366926997,-1.1100120869181755,2.0
-1.0599432731506453,-1.2367645655393311,-1.4547395955822893,1.6056312121441914,-1.433653155726059,1.0042363741513805,-0.4108713835468931,-1.1100120869181755,2.0
-0.7949935591217092,-0.86001644372662,-0.36815680213746216,1.4737052931586818,-1.7795141103445604,1.0042363741513805,0.0640726366926997,-1.0392256104331998,2.0
-0.765554702007383,-1.330951595992509,-0.6398025004986689,1.5576581506949152,-1.5150322038715887,-0.5900283504262189,-1.8357034442656714,-1.0392256104331998,2.0
-0.8244324162360355,-1.425138626445687,-0.5039796513180655,1.5168810484630304,-1.5150322038715887,-0.5900283504262189,-1.1232874139062823,-1.0392256104331998,2.0
-0.7361158448930568,-1.425138626445687,-0.23233395295685874,1.521678354607958,-1.5150322038715887,1.5622290277535402,-2.3106474645052644,-1.0392256104331998,2.0
-0.8420957305046312,-1.6700249056239491,-0.5039796513180655,1.5336716199702771,-1.5150322038715887,0.6056701930069806,-0.8858154037864859,-0.9684391339482242,2.0
-0.3828495595211421,-0.86001644372662,0.03931174540434805,0.898028555767367,-1.0267579149984103,0.6056701930069806,0.5390166569322925,-1.1100120869181755,2.0
-0.7949935591217092,-0.6716423828202643,0.5826031421267617,0.8740420250427288,-0.8639998187073508,-0.19146216928181906,1.0139606771718852,-1.0392256104331998,2.0
-0.6772381306644043,-1.0483905046329756,0.31095744376555484,0.9699881479412813,-0.9860683909256454,0.6056701930069806,1.0139606771718852,-1.0392256104331998,2.0
-0.44172727374979454,-1.0483905046329756,0.5826031421267617,0.8020824328688144,-0.9046893427801156,-0.19146216928181906,1.4889046974114781,-1.1100120869181755,2.0
-0.2062164168351847,-1.425138626445687,-0.5039796513180655,1.089920801564472,-1.1488264872167049,-0.9885945315706187,-0.4108713835468931,-0.9684391339482242,2.0
-0.5594827022070994,-1.425138626445687,-0.7756253496792723,1.6176244775065105,-1.5964112520171185,-1.7857268938594184,-1.8357034442656714,-1.1100120869181755,2.0
-0.0884609883778798,-0.86001644372662,0.31095744376555484,0.706136309970262,-0.8639998187073508,-0.19146216928181906,0.0640726366926997,-1.0392256104331998,2.0
-0.14733870260653226,-1.0483905046329756,0.5826031421267617,0.5862036563470714,-0.782620770561821,0.6056701930069806,1.4889046974114781,-1.0392256104331998,2.0
-0.0884609883778798,-0.86001644372662,-0.23233395295685874,0.5382305948977951,-0.8233102946345858,2.1999349175845797,1.9638487176510708,-1.0392256104331998,2.0
-0.44172727374979454,-0.6716423828202643,-0.23233395295685874,0.6341767177963477,-0.7419312464890561,0.6056701930069806,1.4889046974114781,-1.1100120869181755,2.0
-0.6183604164357519,-0.4832683219139088,0.31095744376555484,0.7301228406949001,-0.782620770561821,-0.19146216928181906,1.4889046974114781,-1.1100120869181755,2.0
-0.9127489875790141,-0.4832683219139088,0.8542488404879685,0.9460016172166431,-0.9046893427801156,-0.9885945315706187,0.5390166569322925,-1.0392256104331998,2.0
-0.8538712733503617,-0.6716423828202643,1.397540237210382,0.9939746786659194,-1.0267579149984103,1.4028025552957804,1.9638487176510708,-1.1100120869181755,2.0
-1.2660152729509289,-0.4832683219139088,1.1258945388491752,1.089920801564472,-1.067447439071175,0.6056701930069806,1.4889046974114781,-1.1100120869181755,2.0
-0.8538712733503617,-0.6716423828202643,0.5826031421267617,0.8740420250427288,-0.8639998187073508,2.1999349175845797,1.0139606771718852,-1.1100120869181755,2.0
-0.6772381306644043,-0.4832683219139088,0.8542488404879685,0.9699881479412813,-1.1895160112894696,-0.19146216928181906,1.0139606771718852,-1.0392256104331998,2.0
-0.9127489875790141,-0.86001644372662,0.31095744376555484,1.2338399859123006,-1.2302055353622345,-0.19146216928181906,0.5390166569322925,-1.0392256104331998,2.0
-0.44172727374979454,-1.0483905046329756,0.03931174540434805,1.3057995780862148,-1.3522741075805291,-1.7857268938594184,-1.8357034442656714,-1.1100120869181755,2.0
-0.7949935591217092,-0.86001644372662,0.31095744376555484,1.2098534551876625,-1.2302055353622345,-0.9885945315706187,0.5390166569322925,-1.0392256104331998,2.0
-1.0893821302649715,-0.4832683219139088,0.5826031421267617,1.4737052931586818,-1.392963631653294,-1.7857268938594184,-1.3607594240260787,-0.9684391339482242,2.0
-0.8538712733503617,-0.6716423828202643,1.1258945388491752,1.11390733228911,-1.1488264872167049,-0.19146216928181906,-0.4108713835468931,-0.9684391339482242,2.0
-0.6772381306644043,-0.86001644372662,0.8542488404879685,1.0419477401151955,-1.1895160112894696,-0.19146216928181906,1.0139606771718852,-0.9684391339482242,2.0
-0.6772381306644043,-0.4832683219139088,0.5826031421267617,0.8740420250427288,-0.9860683909256454,0.6056701930069806,0.5390166569322925,-1.0392256104331998,2.0
-0.26509413106383717,-0.6716423828202643,0.03931174540434805,0.8500554943180907,-1.067447439071175,-0.19146216928181906,1.0139606771718852,-1.0392256104331998,2.0
-0.3828495595211421,-0.29489426100755317,0.5826031421267617,0.7301228406949001,-0.9453788668528804,-0.9885945315706187,1.4889046974114781,-1.1100120869181755,2.0
-0.6772381306644043,-0.4832683219139088,0.03931174540434805,0.9699881479412813,-0.9860683909256454,-0.9885945315706187,0.5390166569322925,-1.1100120869181755,2.0
-0.26509413106383717,-0.86001644372662,1.1258945388491752,0.898028555767367,-1.0267579149984103,-1.7857268938594184,-0.8858154037864859,-1.0392256104331998,2.0
0.9713378677378643,-0.6716423828202643,1.1258945388491752,0.25039222620213775,-0.7012417224162912,-2.582859256148218,-1.8357034442656714,-1.0392256104331998,2.0
0.6769492965946021,-0.86001644372662,0.5826031421267617,0.4902575334485189,-0.8639998187073508,-1.7857268938594184,-1.3607594240260787,-1.1100120869181755,2.0
-0.500604987978447,-0.6716423828202643,0.03931174540434805,1.137893863013748,-1.3115845835077644,-0.19146216928181906,0.0640726366926997,-1.1100120869181755,2.0
0.029294440079425107,-0.6716423828202643,-0.23233395295685874,1.2098534551876625,-1.5557217279443536,-1.7857268938594184,-1.3607594240260787,-1.1100120869181755,2.0
-0.0884609883778798,-0.4832683219139088,0.31095744376555484,1.3777591702601293,-1.7998588723809428,-2.582859256148218,-2.3106474645052644,-1.0392256104331998,2.0
-0.3239718452924896,-0.86001644372662,0.5826031421267617,1.3297861088108531,-1.5964112520171185,-1.7857268938594184,-1.3607594240260787,-1.0392256104331998,2.0
-0.3828495595211421,-0.29489426100755317,0.31095744376555484,0.9939746786659194,-1.392963631653294,-0.19146216928181906,1.4889046974114781,-1.1100120869181755,2.0
-0.3828495595211421,-0.4832683219139088,1.397540237210382,0.9460016172166431,-1.3522741075805291,-0.9885945315706187,0.5390166569322925,-0.9684391339482242,2.0
-0.3239718452924896,-0.86001644372662,-0.23233395295685874,1.137893863013748,-1.1895160112894696,-1.7857268938594184,-0.8858154037864859,-1.1100120869181755,2.0
-0.5594827022070994,-0.6716423828202643,0.31095744376555484,1.3537726395354912,-1.6371007760898832,-0.9885945315706187,0.0640726366926997,-0.9684391339482242,2.0
-0.44172727374979454,-1.0483905046329756,-0.5039796513180655,1.3297861088108531,-1.5964112520171185,-0.19146216928181906,1.0139606771718852,-0.9684391339482242,2.0
-0.500604987978447,-0.86001644372662,0.31095744376555484,1.1618803937383861,-1.392963631653294,-0.19146216928181906,0.5390166569322925,-1.0392256104331998,2.0
-0.7361158448930568,-1.0483905046329756,0.31095744376555484,1.2098534551876625,-1.2302055353622345,-0.9885945315706187,0.5390166569322925,-0.9684391339482242,2.0
-0.500604987978447,-1.0483905046329756,-0.23233395295685874,1.2818130473615768,-1.433653155726059,-0.9885945315706187,-0.8858154037864859,-1.0392256104331998,2.0
-0.3239718452924896,-0.86001644372662,0.31095744376555484,1.0659342708398338,-1.2302055353622345,-0.9885945315706187,-0.4108713835468931,-1.0392256104331998,2.0
-1.2660152729509289,-0.86001644372662,0.5826031421267617,1.4497187624340435,-1.1895160112894696,-1.7857268938594184,-1.3607594240260787,-0.9684391339482242,2.0
-3.6800015563256796,-0.86001644372662,0.03931174540434805,2.6250587679413115,-1.3115845835077644,-2.582859256148218,-1.8357034442656714,-0.9684391339482242,2.0
-0.26509413106383717,0.4586019826178693,1.6691859355715888,0.05849998040503278,0.19392780718453598,-2.582859256148218,-2.3106474645052644,-1.0392256104331998,2.0
-1.030504416036319,0.27022792171151366,0.31095744376555484,0.8740420250427288,-0.5791731501979966,-1.7857268938594184,-0.8858154037864859,-1.0392256104331998,2.0
-1.030504416036319,0.27022792171151366,1.1258945388491752,0.7301228406949001,-0.37572552983417223,-1.7857268938594184,-1.8357034442656714,-1.1100120869181755,2.0
-1.2071375587222763,-0.4832683219139088,0.03931174540434805,1.0179612093905575,-0.2943464816886425,-2.582859256148218,-2.785591484744857,-1.0392256104331998,2.0
-1.2071375587222763,-0.29489426100755317,-0.23233395295685874,1.0659342708398338,0.03116971089347648,-2.582859256148218,-2.785591484744857,-1.0392256104331998,2.0
-0.5594827022070994,1.023724165336936,-0.23233395295685874,0.706136309970262,-0.4977941020524669,-1.7857268938594184,-2.3106474645052644,-1.0392256104331998,2.0
-0.8538712733503617,1.023724165336936,0.03931174540434805,0.6581632485209857,-0.457104577979702,-1.7857268938594184,-0.8858154037864859,-1.0392256104331998,2.0
-1.5015261298655387,-0.29489426100755317,1.9408316339327956,0.9699881479412813,-0.25365695761587764,-1.7857268938594184,-2.785591484744857,-0.9684391339482242,2.0
-1.6192815583228435,-0.6716423828202643,-0.7756253496792723,1.1858669244630242,-0.13158838539758302,-2.582859256148218,-2.785591484744857,-1.0392256104331998,2.0
-1.4426484156368862,-0.6716423828202643,-0.5039796513180655,1.11390733228911,-0.17227790947034788,-2.582859256148218,-2.785591484744857,-1.0392256104331998,2.0
0.029294440079425107,0.4586019826178693,0.5826031421267617,0.706136309970262,-0.9860683909256454,-1.7857268938594184,-2.3106474645052644,-1.1100120869181755,2.0
-1.030504416036319,-0.6716423828202643,2.2124773322940023,1.2818130473615768,-1.1488264872167049,-2.582859256148218,-2.785591484744857,-1.0392256104331998,2.0
-1.2660152729509289,-0.4832683219139088,1.6691859355715888,0.7301228406949001,-0.05020933725205327,-2.582859256148218,-2.3106474645052644,-1.0392256104331998,1.0
-1.5604038440941912,-0.6716423828202643,-0.23233395295685874,0.922015086492005,0.19392780718453598,-2.582859256148218,-2.785591484744857,-0.9684391339482242,1.0
-0.3239718452924896,0.08185386080515805,-0.23233395295685874,0.3223518183760521,0.1532382831117711,-2.582859256148218,-2.3106474645052644,-1.0392256104331998,2.0
-1.030504416036319,0.27022792171151366,0.31095744376555484,0.898028555767367,-0.4977941020524669,-1.7857268938594184,-2.3106474645052644,-1.1100120869181755,2.0
-1.3248929871795814,-0.6716423828202643,3.2990601257388295,0.7541093714195382,-0.13158838539758302,-1.7857268938594184,-2.785591484744857,-0.9684391339482242,2.0
-1.148259844493624,-0.6716423828202643,0.5826031421267617,1.11390733228911,-0.6198626742707615,-1.7857268938594184,-2.3106474645052644,-1.1100120869181755,2.0
-1.148259844493624,-0.6716423828202643,0.5826031421267617,1.1858669244630242,-0.6605521983435264,-1.7857268938594184,-2.3106474645052644,-1.0392256104331998,2.0
-1.2660152729509289,-0.6716423828202643,3.2990601257388295,0.7301228406949001,-0.21296743354311276,-1.7857268938594184,-2.785591484744857,-0.9684391339482242,2.0
-1.3248929871795814,-0.6716423828202643,3.2990601257388295,0.706136309970262,-0.17227790947034788,-1.7857268938594184,-2.785591484744857,-0.9684391339482242,2.0
-1.8547924152374533,-0.29489426100755317,3.027414427377623,0.9699881479412813,-0.25365695761587764,-2.582859256148218,-2.785591484744857,-0.9684391339482242,2.0
-1.2071375587222763,-0.4832683219139088,0.5826031421267617,0.9460016172166431,-0.2943464816886425,-2.582859256148218,-2.3106474645052644,-1.0392256104331998,2.0
-1.6192815583228435,-0.6716423828202643,1.9408316339327956,1.2098534551876625,-0.5791731501979966,-2.582859256148218,-2.785591484744857,-0.9684391339482242,2.0
-1.2071375587222763,-0.29489426100755317,-0.5039796513180655,1.1858669244630242,-0.5384836261252317,-2.582859256148218,-2.785591484744857,-1.1100120869181755,2.0
-1.3248929871795814,-0.4832683219139088,0.31095744376555484,0.9460016172166431,-0.25365695761587764,-1.7857268938594184,-1.8357034442656714,-1.0392256104331998,2.0
-1.2660152729509289,-0.6716423828202643,0.31095744376555484,1.1618803937383861,-0.4977941020524669,-2.582859256148218,-2.785591484744857,-1.0392256104331998,2.0
-0.6772381306644043,-0.6716423828202643,1.9408316339327956,0.8020824328688144,-0.5791731501979966,-2.582859256148218,-2.3106474645052644,-1.1100120869181755,2.0
-0.8538712733503617,-0.6716423828202643,1.6691859355715888,0.9460016172166431,-0.7012417224162912,-1.7857268938594184,-2.785591484744857,-1.0392256104331998,2.0
-0.7949935591217092,-0.10652020010119756,1.397540237210382,0.7541093714195382,-0.8233102946345858,-1.7857268938594184,-2.3106474645052644,-1.0392256104331998,2.0
-0.8538712733503617,-0.86001644372662,0.31095744376555484,1.2098534551876625,-0.8639998187073508,-1.7857268938594184,-2.785591484744857,-1.0392256104331998,2.0
-0.500604987978447,-0.6716423828202643,0.5826031421267617,0.9699881479412813,-0.6605521983435264,-2.582859256148218,-2.3106474645052644,-0.9684391339482242,2.0
-0.7361158448930568,-0.6716423828202643,0.03931174540434805,1.1858669244630242,-0.9046893427801156,-2.582859256148218,-2.3106474645052644,-1.0392256104331998,1.0
-1.3248929871795814,-0.6716423828202643,-0.5039796513180655,0.9699881479412813,-0.009519813179288393,-2.582859256148218,-2.785591484744857,-1.0392256104331998,2.0
-1.4426484156368862,-0.10652020010119756,0.5826031421267617,1.0419477401151955,-0.4164150539069371,-1.7857268938594184,-2.3106474645052644,-1.0392256104331998,2.0
-1.6192815583228435,-0.86001644372662,0.31095744376555484,1.521678354607958,-0.9453788668528804,-1.7857268938594184,-1.8357034442656714,-1.0392256104331998,2.0
